,url,title,description,onlinesince,rank
0,https://www.andalusiastarnews.com/,The Andalusia Star-News,"Serves Covington County, located in Andalusia. Daily editions of local news, sports, opinion, and obituaries. Includes circulation and subscription details, local links, and archives.",15-Oct-1998,1210863
1,https://www.atmoreadvance.com/,Atmore Advance,"Twice-weekly community newspaper serving Escambia County, Alabama and Florida. News, sports, obituaries, event calendars, opinion columns, local polls and a message board.",07-Jul-1998,1592128
2,http://www.brewtonstandard.com/,Brewton Standard,"Serving Brewton, East Brewton and the communities of Eastern and Central Escambia County.",07-Jul-1998,1208043
3,https://www.clantonadvertiser.com/,The Clanton Advertiser Newspaper,"News, sports, opinions, obituaries, features, weather for Chilton County, Alabama.",07-Jul-1998,1548734
4,https://www.valleytimes-news.com/,Valley Times-News,"Newspaper serving West Point, Georgia and Lanett and Valley, Alabama.",18-Aug-1997,1449208
5,http://www.alaskajournal.com/,Alaska Journal of Commerce,"Online business news and profiles, subscriptions, municipal pages, and Assembly agenda.",04-Mar-1997,914422
6,https://azcapitoltimes.com/,"Arizona Capitol Times - Serving Arizona's Business, Government and Political Community since 1946",,09-Sep-1999,231936
7,https://arktimes.com/,Arkansas Times Online,Online edition with political and cultural interest stories updated weekly.,05-Mar-1997,174503
8,http://www.freeweekly.com/,freeweekly.com/,,21-May-1998,3376968
9,https://www.eastbaytimes.com/location/oakland/,East Bay Times,"A daily newspaper with a full range of state, national, international and sports news serving the San Francisco East Bay area.",,53056
10,https://www.bakersfield.com/,Bakersfield Californian,"Daily newspaper for Bakersfield features area news, sports, and editorials. Newspaper site is included inside a portal site called Bakersfield.com",29-Oct-1995,112476
11,https://www.mercurynews.com/location/campbell/,San Jose Mercury News,"Daily newspaper covering the Bay Area providing news, entertainment, sports, business, health, travel, and home information.",19-Aug-1996,6046
12,https://www.mercurynews.com/location/cupertino/,San Jose Mercury News,"Daily newspaper covering the Bay Area providing news, entertainment, sports, business, health, travel, and home information.",19-Aug-1996,6046
13,https://www.dailybreeze.com/,Daily Breeze,Covers the South Bay and Harbor area with both local and global news. Provides online news and three daily print editions.,08-Aug-1996,97195
14,https://www.dailycal.org/,The Daily Californian,"Independent student newspaper for the University of California, Berkeley.",13-Aug-1996,109395
15,https://www.dailydemocrat.com/,Woodland Daily Democrat,"Daily newspaper serving Yolo County, features news, sports, real estate and classified advertising.",18-Dec-1997,512308
16,https://www.dailynews.com/,Daily News,"Los Angeles based newspaper with online and print versions. Contains entertainment, local news, world news, sports, and business.",22-Feb-1999,31515
17,http://www.variety.com/,Variety.com,"From the publishers of Daily Variety, Variety.com offers the most comprehensive online resource to the global entertainment business. Featuring breaking industry news, reviews, box office rankings, Blogs and original video content, Variety has provided unsurpassed insight into the entertainment business since 1905.",17-Sep-1996,2408
18,https://www.davisenterprise.com/,Davis Enterprise,Daily newspaper for with subscription content. Provides subscription and payment form.,04-Jan-1996,354051
19,https://el-observador.com/,El Observador,,24-Jan-1996,1268432
20,https://www.chicoer.com/,Chico Enterprise-Record On-line,Local and national news. Daily newspaper serving Chico and the greater mid-valley area.,28-Sep-1997,250014
21,https://www.advocate-news.com/,Fort Bragg Advocate-News,"Local news, sports and classified ads.",16-Feb-1998,1854140
22,https://www.dailybulletin.com/,Daily Bulletin,Provides local stories and information about the Inland Valley and surrounding Southern California areas. Online and print publication.,18-Aug-1996,184138
23,https://www.aspentimes.com/,Aspen Times,"Selected news items from the newspaper. Covers snow, road, and mountain conditions. Also covers sports, classifieds, entertainment around Aspen, obituaries, real estate reports, archives, and RSS feeds.",28-Sep-1994,166208
24,https://www.sentinelcolorado.com/,sentinelcolorado.com/,,,124237
25,https://www.boulderweekly.com/,Boulder Weekly,"The weekly alternative newspaper for Boulder, Colo.",15-May-1996,489427
26,https://www.broomfieldenterprise.com/,Broomfield Enterprise,"Local news, sports, lifestyles, entertainment, business and opinion.",23-Nov-1999,802638
27,https://www.csbj.com/,Colorado Springs Business Journal,"Top business stories, directory of local businesses and relocation information.",31-May-1996,616838
28,https://www.dailycamera.com/,Daily Camera,"Offers a history for this Boulder-based newspaper, plus news sports, business, opinion and entertainment items from the print edition. Also weblogs, podcasts, message board , and email updates.",14-Jan-2002,80561
29,https://www.canoncitydailyrecord.com/,Canon City Daily Record,Community newspaper for the Greater Royal Gorge Region and Fremont County.,01-Nov-1999,400890
30,https://www.denverpost.com/,The Denver Post,"Daily paper with local and national news, classifieds, community information, opinions, and entertainment. Servicing the Rocky Mountain Empire.",10-Mar-1995,2460
31,https://www.eptrail.com/,The Estes Park Trail-Gazette,Local newspaper with articles and classifieds.,07-Mar-1996,440541
32,https://www.greeleytribune.com/,Greeley Tribune,"News from Greeley, Colorado including: news, sports, entertainment, real estate, obituaries.",30-Jan-2001,231577
33,http://www.hfherald.com/,Haxtun-Fleming Herald Online,"Weekly newspaper covering Phillips and parts of Logan, Yuma and Sedgwick counties.",28-Feb-1996,3941663
34,https://kiowacountypress.net/,kiowacountypress.net/,,,1682955
35,https://www.lamarledger.com/,Lamar Ledger,"Today's headlines plus coverage of weather, obituaries, sports, and letters to the editor.",,1274364
36,https://northfortynews.com/,North Forty News Online,,16-Feb-1999,1111651
37,http://www.pagosasun.com/,The Pagosa Springs Sun,"Weekly newspaper of Archuleta County with articles, classified and area information.",18-Aug-2002,750936
38,https://www.steamboatpilot.com/,Steamboat Pilot,,04-Dec-1998,154740
39,https://www.summitdaily.com/,Summit Daily News,"News and weather for Summit County, Colorado. Coverage spans communities in Breckenridge, Copper, Dillon, Frisco, Keystone and Silverthorne.",03-Nov-1995,96905
40,https://www.rep-am.com/,Republican-American Newspaper,"Daily paper offering local, state, regional, national and international news plus editorials, classifieds, features and sports.",26-May-1998,311561
41,https://bocabeacon.com/,Boca Grande Boca Beacon,Provides updated local and regional news.,28-Jan-1997,2886755
42,https://keysnews.com/,Keynews.com,"Past stories and current items from daily paper, The Citizen. Provides news, sports, entertainment, community calendar and weather.",31-Jul-1998,290449
43,https://www.lakecityreporter.com/,Lake City Reporter,Newspaper.,17-Aug-1998,3459377
44,http://www.greenepublishing.com/,"Greene Publishing, Inc.","Madison County Carrier and the Madison Enterprise Recorder, covering news, sports, and commentary for the county.",11-Aug-1999,8995087
45,https://communitynewspapers.com/,Community Newspapers - On Line,"Publishers of 12 local weekly newspapers and enewsletters. Articles about local events, PTA, Chamber of commerce, High school sports, restaurant reviews,local politics,car reviews and commentary.",12-Jun-1996,92237
46,https://www.miamitodaynews.com/,Miami Today News,"News of Miami, Florida. Focus on business, international trade, real estate and development, e-commerce",06-Apr-1999,731752
47,https://www.fbnewsleader.com/,Fernandida Beach News Leader,"Online edition offering local and regional news including weather, local sports, business and online print editions by subscription.",25-Sep-1997,1149325
48,https://www.palatkadailynews.com/,Palatka Daily News,Online edition of local newspaper.,23-Jul-1997,1629355
49,https://gotowncrier.com/,Town-Crier Online,Updated local and regional news.,24-May-1999,602379
50,http://atlantadailyworld.com/,Atlanta Daily World,Atlanta's oldest continuously published(since 1928) black newspaper.,21-Nov-1997,588599
51,https://www.theclaytontribune.com/,The Clayton Tribune,Weekly newspaper for Rabun County. Includes news and classifieds.,07-Oct-1999,9545799
52,https://coastalcourier.com/,Coastal Courier,"Local newspaper includes classifieds, news, community events and advertisements.",,1110538
53,https://www.dawsonnews.com/,Dawson Community News,"Weekly local newspaper, with news and community information. Located in Dawsonville.",30-Sep-1997,1680043
54,http://www.lagrangenews.com/,LaGrange Daily News,"Includes local news, sports, business, and classifieds.",06-Nov-1996,746331
55,https://www.thepostsearchlight.com/,The Post Searchlight,Online edition of the local newspaper published twice per week.,05-May-2000,1392444
56,https://www.statesboroherald.com/,Statesboro Herald,"Daily newspaper with local news, sports, weather, and recreation.",15-Sep-1997,593148
57,https://www.timescourier.com/,Times-Courier,"Local newspaper for Gilmer County, Georgia.",10-Jan-2000,9545917
58,https://www.tribune-georgian.com/,Tribune & Georgian,"Newspaper published twice weekly for the residents of Camden County, Georgia. Shown are local stories, classifieds, advertising information, obituaries, how to subscribe and events.",06-Oct-1999,9546021
59,https://wjhnews.com/,Waycross Journal-Herald,Daily newspaper for South Georgia. Includes local news and classifieds.,11-Mar-1999,886589
60,https://www.westhawaiitoday.com/,West Hawaii Today,"Newspaper published daily on the island of Hawaii. Includes local news, sports, and classifieds.",25-Nov-1996,188206
61,https://arbiteronline.com/,The Arbiter,Twice-weekly student newspaper of Boise State University.,29-Jun-2000,1905232
62,https://chicago.suntimes.com/,Chicago Sun-Times,"Daily newspaper offering news from international to local community news, sports and weather. Features free email accounts, delivery and subscription information and classifieds.",25-Jul-1995,13681
63,https://www.dailyherald.com/,Daily Herald,"Daily paper serving Arlington Heights and suburban Chicago area. Featuring local, county, state and national news, sports and features. Includes seven days of archives, and certain articles back to 1995.",14-Mar-1995,25901
64,https://dailynorthwestern.com/,Daily Northwestern,Daily newspaper of Northwestern University in Evanston.,04-Aug-1997,253505
65,https://www.reviewatlas.com/,reviewatlas.com/,,20-Jan-1999,1257817
66,http://www.annanews.com/,annanews.com/,,20-Jan-2000,6606916
67,https://www.pjstar.com/,Peoria Journal Star,"Features local news, columns and information every day.",14-Sep-1995,187375
68,https://www.journalstandard.com/,journalstandard.com/,,20-Nov-1998,623053
69,http://www.laraza.com/,La Raza,Spanish and Bilingual Hispanic newspaper in Chicago.,16-Aug-1995,273646
70,http://newsprogress.com/,Sullivan News Progress,"Serving Sullivan and Moultrie County as an online information source and weekly newspaper. Local news, sports, classifieds, reader submitted stories and events, and links are featured.",02-Aug-1996,6606922
71,https://www.pekintimes.com/,Daily Times Online Edition,"Coverage focuses on Tazewell and Mason county communities including Pekin, East Peoria, Morton, Delavan, Groveland, Tremont, Hopedale, Minier, Armington, Havana, Mason City and Bath.",08-Nov-2000,1021997
72,https://www.rrstar.com/,Rockford Register Star,"Published daily offering local news, sports, business, opinion, entertainment, classifieds and photo gallery. Also subscription and advertising details.",22-May-1995,337134
73,https://www.sj-r.com/,The State Journal-Register,"Offers daily news, sports, features, and classifieds from Springfield, the state s capital city. Also provides coupons, advertising and contact information.",02-Jan-1996,281006
74,http://news-banner.com/,Bluffton News-Banner,"Top local news, opinions, and features, as well as area dining guide, Wells County facts, and Ft. Wayne area classifieds.",27-Feb-1998,885343
75,http://www.therepublic.com/,The Republic,"Columbus, Indiana's online newspaper.",15-Jul-1997,374248
76,http://www.charlescitypress.com/charlescitypress/,Charles City Press,"Local news, obituaries, article and photo archives, business and church guides, and subscription and advertising details. Published daily for the northeast part of the state and Cedar River.",16-Mar-1999,4033987
77,http://www.clreporter.com/,Clear Lake Mirror Reporter,"Offers sports, news, classifieds, obituaries, calendar and archives. Subscription details and brief history of this weekly publication.",20-Aug-1997,2415991
78,https://dailyiowan.com/,Daily Iowan,Student newspaper of the University of Iowa in Iowa City. [Free registration required.],07-Oct-1998,411884
79,http://www.harlanonline.com/,Harlan Tribune,"News, sports, obituaries, business directory and community information for Shelby County.",17-Nov-1999,3528383
80,http://www.timesrepublican.com/,Times-Republican,"Published daily for Marshalltown. Local news, sports, columns, obituaries, legal notices, archives, classifieds, and subscription and advertising details.",11-May-1999,1049874
81,http://www.monticelloexpress.com/,The Monticello Express,"Area news, features, sports, obituaries, classifieds and advertising details. Printed weekly.",05-Aug-1997,
82,https://www.mtayrnews.com/,mtayrnews.com/,,,
83,https://www.rcreader.com/,River Cities Reader,"Published weekly for Quad Cities area including Davenport and Bettendorf, and Rock Island and Moline, Illinois. News, arts, entertainment and features.",27-Aug-1996,341127
84,https://www.gbtribune.com/,Great Bend Tribune,"Online newspaper covering news, weather, and community events for Great Bend, Kansas.",31-Jul-1997,1214488
85,http://www.hillsborofreepress.com/,Hillsboro Free Press,"News, features, classifieds, and community information for Marion County, Kansas.",,5302065
86,https://www.iolaregister.com/,The Iola Register,"Local news, opinion, sports, obituaries, classifieds, and community information for Allen County and the communities of Iola, Gas, Humboldt, Moran, LaHarpe and Colony, Kansas.",31-Aug-1998,3753193
87,https://www.morningsun.net/,SunOnline,"Pittsburg, KS 66762 - Online edition of Pittsburg Morning Sun owned by Morris Communication. Local news, sports and special features on the community and Pittsburg State University.",02-Jun-1998,888562
88,http://tsnews.com/tsnewswordpress/,The Times-Sentinel Online,"Features front page headlines, community news, sports, transitions, classifieds and contact information. Updated every Saturday.",,5095773
89,https://www.amnews.com/,Danville Advocate Messenger Online,"Serves Boyle, Casey, Garrard, Lincoln and Mercer counties by providing daily news, sports, and society features. Includes subscription rates and contact information.",11-Feb-1996,995385
90,https://www.hancockclarion.com/,Hancock Clarion,"Weekly publication provides Hancock County with local news, obituaries and sports headlines. Includes subscription rates and contact information.",,7703822
91,https://www.harrodsburgherald.com/,The Harrodsburg Herald,"Serves Mercer County by providing local news, sports, editorials, obituaries, classified ads, and printing services. Includes contact information and rates for advertising. Located in Harrodsburg.",28-Oct-1999,4482677
92,https://maysville-online.com/,The Ledger Independent,"Daily editions of local news, sports, editorials and classified ads. Includes chat and community links. Located in Maysville.",26-Feb-1999,2020453
93,http://www.lewiscountyherald.com/,The Lewis County Herald,"Weekly editions published in Vanceburg. Features local news, historical information and photos, and a discussion forum. Includes subscription and contact details.",29-Mar-2000,3081931
94,https://www.winchestersun.com/,Winchester Sun,"Newspaper offers state and local news, sports, weather, and editorial columns.",10-May-1996,1223518
95,https://bossierpress.com/,The Bossier Press-tribune,"Includes News, Sports, Obituaries, and Classifieds.",29-Feb-2000,2164950
96,https://www.businessreport.com/,Baton Rouge Business Report,"Business news, events and commentary on the Baton Rouge area.",09-Jan-1996,321025
97,https://neworleanscitybusiness.com/,neworleanscitybusiness.com/,,18-Dec-1998,603701
98,http://www.crowleypostsignal.com/,Crowley Post Signal,"The Crowley Post Signal, established in 1886, sits in the heart of Acadia Parish in Crowley, Louisiana, as the only daily newspaper in its agriculture-rich parish.",14-Dec-1998,2885163
99,https://www.daily-review.com/,Daily Review Online,"Morgan City, Louisiana Area and St. Mary Parish.",04-Sep-1996,5025125
100,https://www.banner-tribune.com/,Banner-Tribune,"Local newspaper for Franklin, St. Mary Parish, Louisiana.",18-Mar-1998,
101,https://www.lobservateur.com/,L'Observateur,"Bi-weekly community newspaper serving Laplace, St. John the Baptist, St. James and St. Charles Parishes and surrounding areas.",06-Aug-1997,1522427
102,https://press-herald.com/,Minden Press Herald,Daily newspaper featuring local news and community information.,26-Jan-1998,1958076
103,https://www.sunjournal.com/advertiser-democrat/,Lewiston Sun Journal,"Provides national, regional, and local news. Includes special reports, coupons, obituaries, classifieds, and a photo gallery.",03-Mar-1997,201689
104,https://bangordailynews.com/,Bangor Daily News,"A daily paper featuring state, regional and local news.",31-Mar-1998,53130
105,https://www.ellsworthamerican.com/,Ellsworth American,"Local news for downeast Maine, including Hancock and Washington County. Covers cultural events as well.",11-Dec-1997,425588
106,https://www.centralmaine.com/,Kennebec Journal and Morning Sentinel Online,"Coverage of local, city wide news with some coverage of state political news.",24-Nov-1998,107748
107,https://www.sunjournal.com/,Lewiston Sun Journal,"Provides national, regional, and local news. Includes special reports, coupons, obituaries, classifieds, and a photo gallery.",03-Mar-1997,201689
108,https://www.pressherald.com/,Press Herald Online,"Features news from the Press Herald and Maine Sunday Telegram. Serves southern Maine from Portland, Cape Elizabeth, Gorham, Falmouth to Lewiston-Auburn.",07-Sep-1995,51009
109,https://arlington.wickedlocal.com/,WickedLocal,"Arlington's home on the web, featuring news and information from the Arlington Advocate.",21-Jun-2005,45484
110,https://belmont.wickedlocal.com/,WickedLocal,Online version of this local newspaper.,21-Jun-2005,45484
111,https://beverly.wickedlocal.com/,WickedLocal,"Weekly newspaper serving Beverly, Massachusetts. Website also includes articles from North Shore Sunday.",21-Jun-2005,45484
112,https://www.bostonherald.com/,Boston Herald,"Daily local, national, and international news coverage; includes lifestyle, entertainment, horoscopes, reviews, and crosswords.",18-May-1995,25478
113,https://brookline.wickedlocal.com/,WickedLocal,"Home of the Brookline TAB, a weekly community-oriented newspaper. Contains town news, information, event listings and links.",21-Jun-2005,45484
114,https://cambridge.wickedlocal.com/,WickedLocal,"Local news, weather, community events, classifieds, and business and organization listings from the Community Newspaper Company, publishers of the weekly Tab newspapers.",21-Jun-2005,45484
115,https://www.communityadvocate.com/,Community Advocate,"Includes Westborough and regional news, sports, and school information.",11-Dec-1996,1345852
116,https://concord.wickedlocal.com/,WickedLocal,"Features regional news, sports and entertainment.",21-Jun-2005,45484
117,https://www.dotnews.com/,Dorchester Reporter,"Includes police logs, obituaries, job opportunities, and neighborhood news.",29-Apr-2002,493719
118,https://www.duxburyclipper.com/,Duxbury Clipper,"Includes local news, forums, classifieds, and subscription information.",08-Jan-1999,2784516
119,http://everettindependent.com/,everettindependent.com/,,20-Apr-2000,3309773
120,https://hamilton.wickedlocal.com/,WickedLocal,"That’s “wicked” as in “very” – not “witch.” Provides tools for New England communities to write stories, join forums, post events, upload videos and publish pictures.",21-Jun-2005,45484
121,https://www.heraldnews.com/,Herald News,"Provides Fall River area news, obituaries, personals, and subscription information.",07-Jun-1996,450683
122,https://ipswich.wickedlocal.com/,WickedLocal,Includes community news stories and information.,21-Jun-2005,45484
123,https://www.thejewishadvocate.com/,The Jewish Advocate,"Includes local, national, and international news and information for the Jewish community.",12-Dec-1997,5434138
124,https://lexington.wickedlocal.com/,WickedLocal,Local news from the Lexington Minuteman.,21-Jun-2005,45484
125,http://www.lowellsun.com/,Lowell Sun,"Includes local news, employment listings, fall foliage guide, and funeral notices.",24-Jul-1996,207444
126,https://malden.wickedlocal.com/,WickedLocal,"That’s “wicked” as in “very” – not “witch.” Provides tools for New England communities to write stories, join forums, post events, upload videos and publish pictures.",21-Jun-2005,45484
127,https://marblehead.wickedlocal.com/,WickedLocal,"Local newspaper with feature news, community resources, tourist information, and classifieds.",21-Jun-2005,45484
128,https://www.mvtimes.com/,Martha's Vineyard Times,"Includes local news, dining and hotel information, real estate rental directory, and wedding planner.",19-May-1998,235172
129,https://www.massnews.com/,massnews.com/,,04-Mar-1998,541951
130,https://melrose.wickedlocal.com/,WickedLocal,"That’s “wicked” as in “very” – not “witch.” Provides tools for New England communities to write stories, join forums, post events, upload videos and publish pictures.",21-Jun-2005,45484
131,https://northandover.wickedlocal.com/,WickedLocal,"That’s “wicked” as in “very” – not “witch.” Provides tools for New England communities to write stories, join forums, post events, upload videos and publish pictures.",21-Jun-2005,45484
132,https://saugus.wickedlocal.com/,WickedLocal,"That’s “wicked” as in “very” – not “witch.” Provides tools for New England communities to write stories, join forums, post events, upload videos and publish pictures.",21-Jun-2005,45484
133,https://sudbury.wickedlocal.com/,WickedLocal,"That’s “wicked” as in “very” – not “witch.” Provides tools for New England communities to write stories, join forums, post events, upload videos and publish pictures.",21-Jun-2005,45484
134,https://swampscott.wickedlocal.com/,WickedLocal,Community news stories and information from the Swampscott Reporter.,21-Jun-2005,45484
135,https://www.tauntongazette.com/,Taunton Daily Gazette,Includes area news and classifieds.,07-Aug-1997,730142
136,https://vineyardgazette.com/,Vineyard Gazette,"Includes island news, information, classifieds, and calendar.",,290467
137,https://walpole.wickedlocal.com/,WickedLocal,"Includes community calendar, news, obituaries, and classifieds.",21-Jun-2005,45484
138,https://www.wanderer.com/,The Wanderer,"Includes local news, police logs, lunch menus, and selectmen's meeting information for Marion, Mattapoisett, and Rochester.",06-Oct-1995,2005592
139,https://watertown.wickedlocal.com/,WickedLocal,"Local news, event listings, community information, and restaurant listings.",21-Jun-2005,45484
140,https://wayland.wickedlocal.com/,WickedLocal,Online edition of community paper.,21-Jun-2005,45484
141,https://wellesley.wickedlocal.com/,WickedLocal,Includes community news stories and information from the Wellesley Townsmen.,21-Jun-2005,45484
142,https://www.grossepointenews.com/,Grosse Pointe News,Online version of the city's local newspaper. [Subscription required],14-Nov-1996,1307562
143,https://www.houghtonlakeresorter.com/,Houghtonlakeresorter.com,"Advertising Manager Patty Tribelhorn ads(at)houghtonlakeresorter.com Advertising Sales & Marketing/Promotions Director Sandy Rayl ads(at)houghtonlakeresorter.com ... Classified Advertising, Typesetting and Composition Yvonne Gibbons classified(at)houghtonlakeresorter.com",03-Mar-1999,1596579
144,https://www.leelanaunews.com/,Leelanau Enterprise,Leelanau County Weekly Newspaper Online,04-Jun-1999,1473104
145,https://www.albertleatribune.com/,Albert Lea Tribune,"Daily paper. News, sports, opinion, classifieds.",13-Jun-1997,710452
146,https://www.austindailyherald.com/,The Austin Daily Herald,"Online version of newspaper includes classified ads, obituaries, and selected news stories.",07-Jul-1998,682027
147,https://www.brainerddispatch.com/,Brainerd Dispatch,"Includes daily local and regional news, sports, obituaries, reader photo galleries, forums, legal notices and classifieds. Archive covers from April 1996.",01-Apr-1996,371203
148,https://www.rivertowns.net/,RiverTowns.net,"Includes news and features from the River Falls Journal, New Richmond News, Pierce County Herald, and the Hudson-Star Observer.",11-Jun-1999,533782
149,https://www.dglobe.com/,Daily Globe,"Online edition of Worthington newspaper. Includes classified ads, selected news and sports stories.",24-Aug-1998,590823
150,https://www.dl-online.com/,DL Online,"News, sports, services, advertising, and classifieds. Mirrors two bi-weekly newspapers: The Detroit Lakes Tribune and The Becker County Record.",04-Apr-1997,432701
151,http://www.thedrummer.com/,Wright County Journal-Press and the Drummer,Online version of weekly newspaper and shopper published in Buffalo includes news stories and classified ads.,10-Jul-1997,3021544
152,https://www.duluthnewstribune.com/,Duluth News Tribune,"Daily newspaper's site includes classifieds, obituaries, selected news and sports stories, and an archive.",22-Jan-1998,71367
153,https://www.echopress.com/,Echo Press,"Twice-weekly Alexandria newspaper. Recent weddings, births, deaths. Selected news and sports stories.",18-Aug-1996,596202
154,https://finance-commerce.com/,Finance and Commerce Information Services,Publishes news and information for business and legal communities.,19-Jan-1996,362833
155,https://headlightherald.com/,headlightherald.com/,,28-Apr-1999,2388601
156,https://www.jacksoncountypilot.com/,Jackson County Pilot,"Online version of weekly newspaper includes legal notices, court report, columnists, and selected news articles.",24-Dec-1998,862195
157,https://www.parkrapidsenterprise.com/,The Park Rapids Enterprise,"Online version of semi-weekly newspaper. Includes obituaries, classified ads, and selected news and sports stories.",12-Jul-1999,3263829
158,https://www.pineandlakes.com/,Lake Country Echo and Pine River Journal,"Highlights from two weekly newspapers serving Pequot Lakes MN and the surrounding area. News, business, sports, subscription details, obituaries, editor weblogs, and reader photo galleries.",03-Mar-2000,2748109
159,https://pctribune.com/,Pope County Tribune,"Online version of weekly newspaper published in Glenwood includes obituaries, selected news and sports stories, and sometimes message boards.",16-Mar-1998,7722645
160,http://www.star-herald.com/,The Rock County Star Herald,"Online version of weekly newspaper published in Luverne. Includes obituaries, letters to the editor, columns, and selected news and sports stories.",05-Apr-1997,7722909
161,https://www.twincities.com/,TwinCities.com,"The online version of the St. Paul Pioneer Press, a daily newspaper.",10-Feb-1999,41580
162,https://www.pipestonestar.com/,Pipestone County Star,"Weekly newspaper serving Pipestone, Minnesota, and surrounding communities. Selected news and sports stories, classifieds.",02-Apr-1997,2104771
163,http://www.startribune.com/,Star Tribune,"Online version of Minneapolis daily newspaper. Site features updated news stories, diversions, weather, archives.",13-Jan-1994,8150
164,https://trftimes.com/,Thief River Falls Times & Northern Watch,"Weekly newspaper for northwest Minnesota. Online version includes notices of recent births, engagements and weddings, obituaries. Also police reports, classifieds, and selected news stories.",02-Jan-1997,3219802
165,https://www.wadenapj.com/,Wadena Pioneer Journal,"Web version of weekly newspaper. Includes obituaries, selected news and sports stories, editorials.",24-Aug-1998,2198196
166,https://www.wctrib.com/,West Central Tribune,Willmar's daily newspaper.,27-Jun-1996,489576
167,https://www.dailyleader.com/,Daily Leader,"Daily newspaper published in Brookhaven, serving Lincoln, Lawrence, Copiah and Franklin counties. Area news, sports, obituaries, columns, and advertising.",22-Nov-1996,844717
168,https://msbusiness.com/,Mississippi Business Journal,"A weekly paper published in Jackson, and dedicated to business news in the state.",03-Jul-1996,739499
169,https://www.natchezdemocrat.com/,The Natchez Democrat,Daily news source for Natchez and Adams County,29-May-1997,503855
170,http://www.picayuneitem.com/,Picayune Item,"Daily newspaper serving Pearl River County. Includes community and Gulf Coast regional news, sports, features, and obituaries.",22-May-1998,1090529
171,https://www.vicksburgpost.com/,The Vicksburg Post,"Local news, opinion, sports, business and obituaries.",03-Jan-1996,704974
172,https://www.redhillsmsnews.com/,redhillsmsnews.com/,,,2668423
173,https://www.examiner.net/,The Examiner,"Published weekdays and Saturday. Includes local and state news, sports, obituaries, business, and classifieds.",24-Oct-1996,797477
174,https://www.boonvilledailynews.com/,Boonville Daily News,"Local and wire news, classifieds, and business directory.",18-Mar-1999,2272229
175,https://www.neoshodailynews.com/,Neosho Daily News,"Serving Newton and McDonald counties with local and World news, stocks, health, classifieds and business directory.",27-May-1997,1161262
176,https://www.chillicothenews.com/,Chillicothe Constitution-Tribune,Offers local news and information for Chillicothe.,13-Oct-1998,1909798
177,https://www.therolladailynews.com/,"Rolla Daily News, The","Serving the Rolla area with local news, sports, obituaries, classifieds, weather and newcomers.",19-Mar-1999,563267
178,https://www.kirksvilledailyexpress.com/,Kirksville Daily Express,"Serving Kirksville area daily. Local news, sports, and classifieds. Business directory, health and entertainment.",10-Mar-1999,
179,https://www.mexicoledger.com/,Mexico Ledger,"Daily paper with local news, sports, entertainment, town hall, stocks, shopping, personals and classifieds.",26-May-1999,1472955
180,https://www.moberlymonitor.com/,Moberly Monitor-Index,"Published daily, except Saturdays and major holidays. Includes news, sports, opinion, classifieds and calendar.",07-Apr-1998,836024
181,http://www.ozarkcountytimes.com/,Ozark County Times,"Bull Shoals lake and Ozark county coverage of local news, records, school and sports, town hall and classifieds.",26-Jan-1999,3211850
182,https://www.bethanyclipper.com/,Bethany Republican-Clipper,"Coverage area includes Harrison county. News, sports, obituaries, stories, classifieds, and photos.",10-Jan-2000,7721666
183,https://www.sportingnews.com/,Sporting News,"Columnists, articles, blogs, games, scores, photographs, statistics, and inside information.",22-Nov-1995,3755
184,http://www.waynecojournalbanner.com/,Wayne County Journal-Banner,"Local news, obituaries, school, sports, commentary, and tourism information.",03-Jul-1997,4720083
185,https://bitterrootstar.com/,Bitterroot Star,"The Bitterroot Valley's weekly newspaper, Stevensville, Montana.",05-Feb-1998,1325659
186,https://www.havredailynews.com/,The Havre Daily News,"A Monday through Friday publication in Havre, Montana.",05-Mar-1998,1380282
187,https://www.seeleylake.com/,Seeley Swan Pathfinder,"A Montana weekly newspaper serving people in Seeley Lake, Swan Valley and the Blackfoot Valley, Montana.",,8551440
188,https://thereader.com/,The Reader,Weekly Omaha/Lincoln newspaper which focuses on the culture of the area.,26-May-1997,979343
189,https://www.reviewjournal.com/,Las Vegas Review Journal,"Nevada's largest newspaper serving the Las Vegas Valley and Southern Nevada. Daily editions of state and national news, sports, lifestyle, and opinions. Includes chats, forums and community links.",21-Jan-1999,14712
190,https://www.nevadaappeal.com/,Nevada Appeal,"Carson City based newspaper offering coverage of northern Nevada. Includes news, sports and obituaries.",22-Nov-1999,341352
191,https://www.nevadabusiness.com/,Nevada Business Magazine,With headlines,05-Nov-1996,374422
192,http://www.nhgazette.com/,New Hampshire Gazette,Bi-weekly. Opinions and commentary on current state and national events. Past issues available in PDF format.,08-Jan-1997,2542012
193,https://njbiz.com/,NJBIZ,Offering local and regional New Jersey business news.,20-Aug-1995,199686
194,https://princetoninfo.com/,PrincetonInfo.com,"Links to entertainment, travel, and business resources, plus a searchable news archive.",25-Jul-1995,1687820
195,https://www.abqjournal.com/,Albuquerque Journal - ABQJournal,Provides New Mexico news and sports.,03-Feb-1996,76642
196,https://www.hobbsnews.com/,Hobbs News-Sun,"Local and sports news, classifieds, public records, obituaries, viewpoints, and subscription, advertising and staff details can be found.",12-Jan-1998,9686824
197,https://dailygazette.com/,Schenectady Gazette,"Online edition of the Gazette of Schenectady, New York.",01-Apr-1996,142534
198,http://www.easthamptonstar.com/,The East Hampton Star,"East Hampton s newspaper of record since 1885. Online since 1996. Covering Montauk, Amagansett, East Hampton, Springs, Sag Harbor, Wainscott, Bridgehampon, Sagaponack, Water Mill, and Noyac. Local government, arts, entertainment, the environment, food and wine, and sports.",09-Apr-1996,474395
199,https://www.eveningtribune.com/,Hornell Evening Tribune,Online edition offering community news and information.,16-Mar-1999,1037215
200,https://forward.com/,Forward,"Legendary American publication, in English and Yiddish. Jewish news, the arts, opinion.",12-Jul-1994,44312
201,https://www.gcnews.com/,Garden City News,"News, community guide, real estate listings, and message from the mayor.",09-Dec-1996,1487141
202,https://www.the-leader.com/,Corning Leader,Online edition offering local and regional news.,23-Oct-1996,1185980
203,https://libn.com/,Long Island Business News,The Official Business News Site of the LongIsland.Com Internet Community.,08-Oct-1996,148460
204,http://www.observer.com/,The New York Observer,"The New York Observer: New York City Breaking News, Politics, Opinion, Media, Manhattan Real Estate, Fashion, Gossip, Movies, Books, Theater, and the Arts - Observer.com",23-Apr-1994,16349
205,https://www.nypost.com/,New York Post Online Edition,"The online edition of the New York Post. News, weather, sports, and entertainment all updated daily.",29-Sep-1996,520
206,https://www.pcnr.com/,Area Guide to Cold Spring/Garrison,"Published weekly in Cold Spring. Provides local, sports and school news, events, classifieds, columns, obituaries, archives, and subscription and advertising details.",11-Jan-1997,6911179
207,https://qns.com/,qns.com/,,06-Jan-1994,146676
208,https://www.qgazette.com/,The Western Queens Gazette,"Published weekly for the Queens, New York community. Includes information on politics, religion, dining, seniors, events, archives, classifieds and subscription details.",19-May-1999,1084432
209,http://www.riverdalereview.com/,riverdalereview.com/,,25-Jun-1996,
210,https://rbj.net/,Rochester Business Journal,"Online edition of daily business newspaper offers top stories, stock prices, summary of stories found in print edition.",03-Oct-1995,386845
211,https://sagharborexpress.com/,sagharborexpress.com/,,,715899
212,https://www.27east.com/,"27east.com: Your Hamptons homepage guide to news, sports, real estate, classifieds, travel, restaurants events and obituaries in Southampton New York and East Hampton New York. - Your Online Connection to the East End",,10-Feb-1998,343499
213,https://suffolktimes.timesreview.com/,Suffolk Times,"The weekly newspaper on the North Fork of Long Island, covering Southold to Orient Point.",20-Feb-1997,241386
214,https://www.villagevoice.com/,The Village Voice,"Alternative weekly since 1955 featuring news, arts, opinions, classifieds, and entertainment listings.",23-Jun-1995,90729
215,https://www.amny.com/,Amny.com,"Deputy amNY.com Editor: Jamshid Mousavinezhad ( Jamshid.Mousavinezhad[at]am-ny.com ) Online Editor, Special Projects: Lauren Johnston ( Lauren.Johnston[at]am-ny.com ) Senior News Manager: Linda Perney ( Linda.Perney[at]am-ny.com ) Assistant News Manager: Elizabeth Nielsen ( Elizabeth.Nielsen[at]am-ny.com )",20-Dec-1996,66720
216,https://www.rockawave.com/,The Wave,"Published weekly in Rockaway, featuring local news, sports, community calendar, classified ad section, archives and subscription and advertising details.",05-Feb-1997,1135891
217,https://www.wellsvilledaily.com/,Wellsville Daily Reporter,"Newspaper of record in Wellsville and Allegany County, New York.",01-Jun-1999,1752746
218,http://chathamjournal.com/,Chatham Journal,"Combining affordable prices with regional reach and local focus, chathamjournal.com is the ideal vehicle for reaching customers throughout the area. ... Banner advertising - you can place banner ads on the chathamjournal.com network (chathamjournal.com & chathamnc.com). Reach the people that can reach you with our affordable banner ads. Banner ads - $2 per 1,000 impressions.",30-Mar-1997,1201527
219,https://www.laurinburgexchange.com/,Laurinburg Exchange,"Sports, business, and local news. Also features obituaries, classifieds, and online archives.",08-Aug-1997,844845
220,https://www.mitchellnews.com/,Mitchell News-Journal,"Local news, weather, sports, classifieds, and obituaries for Spruce Pine.",14-Dec-1999,4126657
221,https://www.mtairynews.com/,The Mount Airy News,"Local news, sports, business briefs and education reports for Surry County.",31-Mar-1997,347119
222,https://mountainx.com/,Mountain Xpress,"Entertainment, news, arts and events for Asheville and Western North Carolina.",18-Mar-1998,333859
223,http://www.rhinotimes.com/,The Rhinoceros Times,,20-Nov-1996,1105576
224,https://www.robesonian.com/,The Robesonian,"Local sports, news, business and commentary for Robeson County.",19-Nov-1998,151301
225,https://www.salisburypost.com/,Salisbury Post,"News, sports, lifestyle, and business coverage of Rowan County.",20-Sep-1996,475820
226,https://www.clintonnc.com/,Sampson Independent,"Offers local news, sports, community calendar, obituaries, classified ads and community forums for Sampson County.",19-Nov-1998,775634
227,https://www.taylorsvilletimes.com/,Taylorsville Times,"Headlines, sports coverage and community news.",24-Jun-1997,3014803
228,https://www.devilslakejournal.com/,Devils Lake Journal,"Devils Lake, ND 58301.",22-Oct-1998,3529774
229,https://www.inforum.com/,InForum,"WDAY 6 Fargo. Includes news, weather, sports, and obituaries. [ABC]",30-May-1997,85930
230,https://www.grandforksherald.com/,Grand Forks Herald,"Offers news, weather, sports, entertainment and business coverage along with archives, multimedia content and classifieds.",,103414
231,https://www.jamestownsun.com/,The Jamestown Sun,"Jamestown, ND 58402.",27-Nov-1996,1064674
232,https://www.dispatch.com/,Columbus Dispatch,"Daily and Sundays. News, sports, classifieds, events, things to do. Searchable archives of previous 60 days.",19-Apr-1995,32805
233,https://thecourier.com/,Courier Electronic Edition,"Community paper providing local news, sports, weather, and business information.",31-Jan-1996,529188
234,https://www.daily-jeff.com/,Daily & Sunday Jeffersonian,"Open to all contributors wishing to submit articles, photos, and comments.",13-Jan-1998,1246667
235,https://www.the-daily-record.com/,The Daily Record,"News, sports, updated daily from the pages of The Daily Record.",30-Apr-1997,513937
236,https://www.delgazette.com/,Delaware Gazette,"Local news, community events, entertainment, on-line classifieds and information for local area.",06-Jan-1996,701323
237,https://www.registerherald.com/,The Register-Herald,"Community paper providing local news, sports, classifieds, and weather.",04-Nov-1996,1104978
238,https://www.newsdemocrat.com/,The News Democrat,"Weekly paper providing classifieds, email.",24-Jun-1997,1501767
239,https://www.irontontribune.com/,Ironton Tribune,"Newspaper offers online news, sports, weather and entertainment for Lawrence County.",07-Jul-1998,1048876
240,http://www.akron.com/,West Side Leader,A neighborhood newspaper that provides news and business information for the West side of Akron.,31-May-1995,4063521
241,https://www.marysvillejt.com/,Marysville Journal Tribune,"Offers local news, sports and classifieds online and by subscription.",10-Oct-1997,2740120
242,https://www.recordherald.com/,Record Herald,"Daily paper providing classifieds, email.",21-Jun-1997,1599864
243,https://www.record-courier.com/,Record Courier,,,249382
244,https://www.cantonrep.com/,The Repository,Largest daily newspaper in Stark County.,31-Oct-1996,98834
245,https://www.sidneydailynews.com/,Sidney Daily News,"Provides news, sports and classifieds online. Also available for home delivery.",26-Apr-2000,855741
246,https://www.thisweeknews.com/,ThisWeek News,Community news and information for Columbus and central Ohio.,02-Aug-1996,384154
247,https://www.timesgazette.com/,Times Gazette,"Local paper providing classifieds, email.",24-Jun-1997,636304
248,https://www.timesreporter.com/,The Times Reporter,"Local newspaper for Dover, Ohio.",07-Jun-1996,272600
249,http://www.tribtoday.com/,Tribune Chronicle,Online edition of the local newspaper.,,530598
250,https://www.urbanacitizen.com/,Urbana Daily Citizen,"Local paper providing classifieds, email.",22-Jun-1997,1441957
251,https://www.wnewsj.com/,Wilmington News-Journal,"Daily paper providing classifieds, email for Clinton County.",24-Jun-1997,205627
252,https://ysnews.com/,Yellow Springs News,"News, classifieds, community and business information.",01-May-1996,1488035
253,https://www.clintondailynews.com/,clintondailynews.com/,,12-Sep-1997,2614528
254,https://journalrecord.com/,The Journal Record,Oklahoma's leading resource for Oklahoma business news and legal information.,27-Dec-1995,408387
255,https://www.poncacitynews.com/,The Ponca City News,Online edition of the local daily newspaper.,18-Mar-1996,1869480
256,https://www.seminoleproducer.com/,The Seminole Producer,"The daily newspaper in Seminole County Oklahoma. Local news, weather, sports, comics, crossword puzzle, obituaries, and regional classified ads.",18-Feb-1998,
257,http://cascadebusnews.com/,Cascade Business News,"Semi-monthly business newspaper for Central Oregon. Includes an editorial calendar, feature articles, department news, events calendar, subscription, advertising rate, and distribution information.",16-Apr-1997,209958
258,http://www.eugeneweekly.com/,Eugene Weekly,"Alternative newspaper offers entertainment listings, classifieds and opinion. Includes multi-year archive.",05-Aug-1996,593734
259,https://www.keizertimes.com/,Keizer Times Newspaper,Online site for Keizer's only newspaper.,08-Aug-1997,2846775
260,http://www.citizenstandard.com/,citizenstandard.com/,,16-Oct-1998,5816829
261,https://www.dailycourier.com/,dailycourier.com/,,26-Nov-1997,3759485
262,https://www.fultoncountynews.com/,fultoncountynews.com/,,,7351311
263,https://www.leadertimes.com/,leadertimes.com/,,03-Jun-1998,3786329
264,https://triblive.com/,Pittsburgh Tribune-Review,"Provides daily local and regional news, business news, sports, classifieds, and entertainment.",12-Dec-1997,27261
265,http://www.philadelphiaweekly.com/,Philadelphia Weekly,Philadelphia's largest news and arts weekly,12-Jan-1996,734547
266,https://www.post-gazette.com/,Pittsburgh Post-Gazette,"Local and national news, sports, weather and features.",05-Jan-1995,19134
267,https://www.rocket-courier.com/,Rocket Courier,"Features local news, opinion, lifestyles, sports, obituaries and classifieds. With photo galleries.",21-Apr-1997,4557274
268,http://www.sentinelnow.com/,Sentinelnow.com - The Upper Dauphin Sentinel Online,"A central Susquehanna Valley weekly newspaper covering the Upper Dauphin, Line Mountain, Halifax, Williamstown, and surrounding regions.",21-Jul-1999,
269,http://www.browndailyherald.com/,Brown Daily Herald,Independent campus newspaper of Brown University in Providence.,20-Jul-1999,482523
270,https://www.newportthisweek.com/,newportthisweek.com/,,25-Jun-1996,1456622
271,https://pbn.com/,Providence Business News,Provides statewide coverage of business and related news topics.,29-Sep-1994,283695
272,https://www.chronicle-independent.com/,Camden Chronicle Independent,"Local news, sports, editorials, and obits.",,3048099
273,https://www.thecolumbiastar.com/,thecolumbiastar.com/,,17-Oct-2000,2807839
274,https://www.gaffneyledger.com/,The Gaffney Ledger,"News, sports, comics, and obits for Cherokee county and the Gaffney area.",02-Jul-1998,5152846
275,https://www.uniondailytimes.com/,The Union Daily Times,"Local news, sports, lifestyles,and weather for Union.",12-Jan-1998,1542442
276,https://www.freemansd.com/,The Freeman Courier,On-line version of the local newspaper.,05-May-1998,5168420
277,https://www.mobridgetribune.com/,Mobridge Tribune Online,"Daily. News, sports, classifieds, opinion and obituaries.",05-Aug-1997,4861467
278,https://rapidcityjournal.com/,Rapid City Journal,"Daily. News, sports, entertainment and classifieds.",21-Dec-1997,112776
279,http://www.timesnews.net/,Kingsport Times-News,Daily news from the Tri-Cities region of Northeast Tennessee and Southwest Virginia.,27-Aug-1997,590560
280,https://www.smithvillereview.com/,Smithville Review,"Provides weekly coverage in print and daily on the Web for Smithville and DeKalb County, Tennessee. Provides local headlines; access to most other content requires paid subscription.",20-May-1998,2138826
281,https://www.southernstandard.com/,southernstandard.com/,,04-Apr-1997,1560106
282,https://www.thetomahawk.com/,Tomahawk Online,"Local news, features, sports, classified ads, and obituaries from weekly newspaper serving Mountain City and surrounding Johnson County.",25-Jun-1997,1693570
283,https://www.fwweekly.com/,Fort Worth Weekly,"Offers news, arts and entertainment articles, and classified ads.",15-Aug-1996,631398
284,http://www.post-register.com/,Lockhart Post-Register,Local news and classifieds.,28-May-1999,2917860
285,https://www.themonitor.com/,McAllen - The Monitor,"The Largest and leading Newspaper in South Texas, McAllen, Mission, Edinburg, Mexico - Rio Grande Valley",05-Jun-1996,239556
286,https://www.orangeleader.com/,"The Orange, Texas Leader","Newspaper serving Orange County provides local news, weather, business guide, classifieds, and subscription information.",20-Oct-1999,1116142
287,https://www.pleasantonexpress.com/,The Pleasanton Express,"Community newspaper with area real estate, news, classifieds, and entertainment.",25-May-1999,1838507
288,https://www.panews.com/,Port Arthur News Online,"Includes local news, weather, sports, entertainment, and editorials and opinions.",27-Jul-1996,457296
289,https://www.sanmarcosrecord.com/,San Marcos Daily Record,"Local news, sports, community calendar and classified advertising.",17-Jul-1998,1809412
290,https://www.thesnydernews.com/,thesnydernews.com/,,,1353590
291,http://uvaldeleadernews.com/,Uvalde Leader News,"Area real estate, sports, news, and entertainment.",16-Jul-1998,5291811
292,https://www.valleymorningstar.com/,Harlingen Valley Morning Star,"Daily local news from the Rio Grande Valley, including local sports and farm and agriculture, as well as things to do in South Texas.",25-Jun-1996,798778
293,https://www.wilsoncountynews.com/,Wilson County News,"South Texas newspaper serving Floresville, Stockdale, Seguin, LaVernia, St. Hedwig, Poth, and surrounding cities. Provides news, real estate, classifieds, and business.",23-Nov-1998,915576
294,http://www.wcmessenger.com/,Wise County Messenger,Online and print publication serving Wise County.,14-Jun-1997,4385296
295,https://www.deseret.com/,deseret.com,,16-Sep-1993,9109
296,https://moabtimes.com/,moabtimes.com/,,01-Mar-1999,1184062
297,https://www.parkrecord.com/,Park Record,"Published twice a week. Regional news, sports, entertainment, classifieds, weather, and subscription and advertising information.",08-Dec-1998,150973
298,http://tooeleonline.com/,tooeleonline.com/,,,4018787
299,https://usustatesman.com/,The Utah Statesman,Thrice-weekly student newspaper of Utah State University in Logan. [Free registration required.],,1047748
300,http://www.addisonindependent.com/,The Addison County Independent,"Bi-weekly newspaper distributed in the area, based in Middlebury.",12-Jan-1997,1011377
301,https://bartonchronicle.com/,The Chronicle,Weekly Journal of Orleans County. Serving Vermont's Northeast.,30-Aug-1999,2922942
302,https://theenterprise.net/,The Enterprise,Voice of the people since 1876. A part of Patrick County's heritage.,18-Dec-1998,1404915
303,https://fcnp.com/,The Falls Church News-Press,"Falls Church, Virginia.",15-Jun-1998,394714
304,https://rrecord.com/,The Rappahannock Record,"Weekly newspaper serving the Northern Neck of Virginia, includes Lancaster, Northumberland and Lower Richmond County. Covering the Potomac River south to the Rappahannock bordering Chesapeake Bay.",24-Apr-1997,2858711
305,http://www.ssentinel.com/,Southside Sentinel,Newspaper covering southeastern Virginia. Based in Urbanna.,16-Apr-1997,3445976
306,http://www.bainbridgereview.com/,Bainbridge Island Review,"Weekly publication covering a small community west of Seattle offers local news, sports, business, and local links.",17-Nov-1997,978685
307,https://southsoundbiz.com/,southsoundbiz.com/,,,2694846
308,https://www.camaspostrecord.com/,Camas-Washougal Post-Record,"News, opinion, sports, classifieds and local school information.",19-Mar-1999,1481808
309,https://www.kitsapdailynews.com/,kitsapdailynews.com/,,,822990
310,https://www.columbian.com/,The Columbian,"Daily news, community calendar, forums, business directory, and classifieds.",06-Jul-1994,84914
311,http://www.thedailyworld.com/,Daily World,"Publication serving Grays Harbor offers local news, weather and sports, history and a teen section.",28-Oct-1996,386270
312,http://www.federalwaymirror.com/,federalwaymirror.com/,,,1472355
313,http://www.islandssounder.com/,Islands Sounder,"Weekly community newspaper. Local news, events and classified ads.",17-Nov-1997,862766
314,http://www.sanjuanjournal.com/,Journal of the San Juan Islands,"San Juan Co. (Friday Harbor) - News, features, legals, archives.",02-Oct-1998,345953
315,http://www.leavenworthecho.com/,The Leavenworh Echo,"Bavarian village newspaper with local sport, weather, and business headlines in Leavenworth.",19-Jul-1998,2063585
316,http://www.mi-reporter.com/,Mercer Island Reporter,"Offers news, sports, entertainment and letters from a paid newspaper serving the island community located on Lake Washington.",27-Aug-1996,1338545
317,https://methowvalleynews.com/,Methow Valley News,"Methow Valley - News, letters,classifieds, some archives.",10-Nov-1998,2067488
318,http://nwasianweekly.com/,Seattle Chinese Post & Northwest Asian Weekly,Local news for Asian immigrants.,29-Jan-1999,865774
319,http://www.peninsuladailynews.com/,Peninsula Daily News,Newspaper serving Clallam and Jefferson counties on Washington's Olympic Peninsula.,24-Nov-1996,452322
320,http://www.rentonreporter.com/,Renton Reporter,Coverage of events in Renton and the southern shore of Lake Washington.,,2096004
321,https://www.seattletimes.com/,The Seattle Times,"Daily local news, sports, arts and entertainment, classified ads.",01-Mar-1996,5890
322,https://www.seattleweekly.com/,Seattle Weekly,"Seattle news, events, music, movies, restaurants, and reviews.",17-Nov-1995,423866
323,http://www.sequimgazette.com/,Sequim Gazette,"Offers local news, classifieds, archives, and contact information.",14-Oct-1999,1606824
324,http://www.valleyrecord.com/,Snoqualmie Valley Record,"Select items from a weekly paper that has covered news in North Bend, Snoqualmie, Preston, Fall City, Carnation, Novelty, Vincent, and Duvall.",30-Jun-1996,2012834
325,http://www.southwhidbeyrecord.com/,South Whidbey Record,"Weekly community newspaper. Local news, events and classified ads.",17-Nov-1997,1518876
326,https://www.grandcoulee.com/,The Star of Grand Coulee,Weekly serving the area of Grand Coulee Dam in the Columbia River basin of eastern Washington state.,29-Aug-1997,2308866
327,http://www.vashonbeachcomber.com/,Vashon-Maury Island Beachcomber,"Weekly community newspaper. Local news, events and classified ads.",17-Nov-1997,986336
328,https://www.vbjusa.com/,Vancouver Business Journal,Vancouver and Clark County.,05-Dec-1996,1303387
329,http://www.whidbeynewstimes.com/,Whidbey News Times,"Weekly community newspaper. Local news, events and classified ads.",17-Nov-1997,1068429
330,https://wvpress.org/,West Virginia Press Association,Provides information on the states newspapers.,27-Feb-1998,
331,http://www.huntingtonnews.net/,HuntingtonNews.Net,"Independently and locally owned e-newspaper and magazine that focuses on the Tri-State area of Huntington, WV, Ashland, KY and Ironton, OH.",14-Apr-2000,2193749
332,https://www.morganmessenger.com/,The Morgan Messenger,"Weekly news, sports and events from Berkeley Springs, Paw Paw and Morgan County. Includes subscription rates.",06-Aug-1997,2118850
333,https://mountainmessenger.com/,Mountain Messenger,"Weekly news and opinion for the Greenbrier Valley. Includes subscription information, submission guidelines and employment opportunities.",28-Jan-1997,2271731
334,https://pocahontastimes.com/,The Pocahontas Times,"Weekly news from Pocahontas County. Includes subscription and advertising information, FAQ and archives.",31-Mar-1999,2481088
335,https://www.wnanews.com/,Wisconsin Newspaper Association,State press organization news and information. Includes a newspaper directory.,29-Apr-1995,2150728
336,https://dailyreporter.com/,Daily Reporter,Wisconsin's industry news.,01-Jun-1996,948371
337,https://www.plymouth-review.com/,Plymouth Review,Central Sheboygan County's twice-weekly news source.,10-Aug-1996,2243775
338,http://www.shawanoleader.com/,shawanoleader.com/,,09-Feb-1999,523304
339,http://myracinecounty.com/,myracinecounty.com/,,,2383629
340,https://www.tomahawkleader.com/,Tomahawk Leader,A state and national prize-winning weekly newspaper serving the scenic Northwoods area in and around Tomahawk. Official newspaper of Lincoln County.,24-Mar-1998,3048382
341,https://thesheridanpress.com/,The Sheridan Press,"Daily newspaper with local news and classifieds serving Sheridan, Big Horn, Buffalo, Banner, Story, Clearmont, and Arvada, Wyoming.",13-Jul-1999,526605
342,https://cw.ua.edu/,Crimson White,Student weekly of the University of Alabama in Tuscaloosa.,12-May-1988,17965
343,https://gadsdenmessenger.com/,The Messenger,"Weekly newspaper online edition with feature stories archived by date, columns, obituaries, and news. Located in Gadsden.",19-Sep-1999,4800763
344,http://www.greenvilleadvocate.com/,The Greenville Advocate,"Online edition of twice-weekly newspaper includes selected news items from around Butler County, sports stories, brief recent obituaries.",07-Jul-1998,1510346
345,https://www.selmatimesjournal.com/,Selma Times-Journal,"Serving Selma and the Black Belt with daily news, sports, classifieds, obituaries and entertainment.",07-Jul-1998,903427
346,http://www.troymessenger.com/,"Messenger, The","Serving Troy and Pike country with daily news, weather, sports, community and obituaries.",07-Jul-1998,913029
347,https://www.juneauempire.com/,Juneau Empire,"Daily. News, weather, sports, visitor guide, television listings, legislative news, web guide, and classifieds.",23-Jul-1996,439896
348,https://www.peninsulaclarion.com/,Peninsula Clarion,"Kenai peninsula local and state news, sports, outdoors, classifieds, business, restaurants, maps, opinion, calendar, stocks, forums, features, crosswords, and circulations services.",06-Mar-1998,475237
349,https://www.eastbaytimes.com/,East Bay Times,"A daily newspaper with a full range of state, national, international and sports news serving the San Francisco East Bay area.",,53056
350,https://www.dailyrepublic.com/,Daily Republic,"View items from a newspaper serving Fairfield-Suisun City. Includes with news, sports, entertainment, lifestyle and political coverage.",04-Jan-1996,180241
351,https://www.craigdailypress.com/,Craig Daily Press,"Selected items from the print edition serving Craig and distributed throughout Moffat County. Subscribe, search archives, and find advertising details along with news, sports and coverage of community events.",25-Jun-1997,739540
352,https://www.fortmorgantimes.com/,Fort Morgan Times,"Offering headline stories, staff list, obituaries, sports, and weather. Print version has been serving Morgan County since 1884 and is published each afternoon, Monday through Saturday.",31-Mar-1999,825724
353,https://yaledailynews.com/,Yale Daily News,Student newspaper of Yale University in New Haven. Includes course critique and cover images.,14-Apr-1998,166528
354,https://thecitizen.com/,The Citizen,Provides latest news in Fayette and Coweta County.,03-Apr-2003,452672
355,https://www.redbluffdailynews.com/,Red Bluff Daily News,"Classified advertisements, local and world news, home and garden, people, entertainment, commentary and sports.",24-Jun-1998,725876
356,https://www.heraldnet.com/,HeraldNet,News and advertising content from The Daily Herald which covers events in Everett and Snohomish County.,19-Jul-1995,112427
357,https://www.themonitor.net/,The Monitor,"Cedar Creek Lake area newspaper with local news, sports, opinions, and activities.",24-Feb-1998,3142168
358,https://www.mitchellrepublic.com/,The Daily Republic,"Daily. Covers the Mitchell area. News, weather, sports, classifieds and information.",01-Dec-1997,855785
